feature,coefficient
recency,0.2607497683456514
frequency,-2.334829218771628
avg_order_value,-0.13283958722953967
