feature,coefficient
recency,0.359005236393813
frequency,-1.742059476207637
avg_order_value,0.030697706681466565
