feature,coefficient
recency,0.3201489689580502
frequency,-2.0478344764677336
avg_order_value,0.010381316677245567
